{
	"en": {
		"SKILL_NAME": "Intersting Black People Facts",
		"GET_FACT_MESSAGE": "Here's your fact: {}",
		"HELP_MESSAGE": "You can say tell me an interesting fact, or, you can say exit... What can I help you with?",
		"HELP_REPROMPT": "What can I help you with?",
		"FALLBACK_MESSAGE": "The Interesting Black People Facts skill can't help you with that.  It can help you discover facts about black people if you say tell me an interesting fact. What can I help you with?",
		"FALLBACK_REPROMPT": "What can I help you with?",
		"ERROR_MESSAGE": "Sorry, an error occurred.",
		"STOP_MESSAGE": "Goodbye!",
		"FACTS": [
			"Barrack Obama was the first black president and the 44th president of the United States of America.  He won the nobel peace prize in 2009"
		]
	},
	"en-AU": {
		"SKILL_NAME": "Australian Interesting Facts"
	},
	"en-CA": {
		"SKILL_NAME": "Canadian Interesting Facts"
	},
	"en-GB": {
		"SKILL_NAME": "British Interesting Facts"
	}
}
